<T3DataStructure>
        <meta>
                <langDisable>1</langDisable>
        </meta>
        <sheets>
                <sDEF>
					<ROOT>
						<TCEforms>
								<sheetTitle>LLL:EXT:sdb_maker/Resources/Private/Language/locallang.xlf:tx_sdbmaker.flexform.sheet.1</sheetTitle>
						</TCEforms>
						<type>array</type>
						<el>
							<settings.dbname>
								<TCEforms>
										<label>LLL:EXT:sdb_maker/Resources/Private/Language/locallang.xlf:tx_sdbmaker.flexform.dbname</label>
										<onChange>reload</onChange>
										<config>
												<type>select</type>
												<itemsProcFunc>tx_sdbadminer_addFieldsToFlexForm->addOptions_dbnames</itemsProcFunc>
												<items type="array">
														<numIndex index="0" type="array">
																<numIndex index="0">Datenbank wählen...</numIndex>
																<numIndex index="1">0</numIndex>
														</numIndex>
												</items>
										</config>
								</TCEforms>
							</settings.dbname>
							<settings.admingroup>
								<TCEforms>
										<label>LLL:EXT:sdb_maker/Resources/Private/Language/locallang.xlf:tx_sdbmaker.flexform.admingroup</label>
                                            <config>
                                                <type>group</type>
                                                <internal_type>db</internal_type>
                                                <allowed>fe_groups</allowed>
                                                <size>2</size>
                                                <maxitems>10</maxitems>
                                                <minitems>0</minitems>
                                                <show_thumbs>0</show_thumbs>
                                            </config> 
								</TCEforms>
							</settings.admingroup>
							<settings.allowedactions>
								<TCEforms>
										<label>LLL:EXT:sdb_maker/Resources/Private/Language/locallang.xlf:tx_sdbmaker.flexform.actions</label>
										<config>
												<type>select</type>
												<items type="array">
														<numIndex index="0" type="array">
																<numIndex index="0">LLL:EXT:sdb_maker/Resources/Private/Language/locallang.xlf:tx_sdbmaker.flexform.actions.sel.0</numIndex>
																<numIndex index="1">0</numIndex>
														</numIndex>
														<numIndex index="1" type="array">
																<numIndex index="0">LLL:EXT:sdb_maker/Resources/Private/Language/locallang.xlf:tx_sdbmaker.flexform.actions.sel.1</numIndex>
																<numIndex index="1">1</numIndex>
														</numIndex>
														<numIndex index="2" type="array">
																<numIndex index="0">LLL:EXT:sdb_maker/Resources/Private/Language/locallang.xlf:tx_sdbmaker.flexform.actions.sel.2</numIndex>
																<numIndex index="1">2</numIndex>
														</numIndex>
														<numIndex index="3" type="array">
																<numIndex index="0">LLL:EXT:sdb_maker/Resources/Private/Language/locallang.xlf:tx_sdbmaker.flexform.actions.sel.3</numIndex>
																<numIndex index="1">3</numIndex>
														</numIndex>
														<numIndex index="4" type="array">
																<numIndex index="0">LLL:EXT:sdb_maker/Resources/Private/Language/locallang.xlf:tx_sdbmaker.flexform.actions.sel.4</numIndex>
																<numIndex index="1">4</numIndex>
														</numIndex>
												</items>
                                                <maxitems>5</maxitems>
                                                <minitems>0</minitems>
										</config>
								</TCEforms>
							</settings.allowedactions>
						</el>
                     </ROOT>
                </sDEF>
        </sheets>
</T3DataStructure> 
